{
	"credit": "Made with Blockbench",
	"parent": "minecraft:block/block",
	"texture_size": [64, 64],
	"textures": {
		"0": "creepest:block/living_pillar",
		"particle": "creepest:block/living_pillar"
	},
	"elements": [
		{
			"from": [0, 0, 0],
			"to": [16, 3, 16],
			"faces": {
				"north": {"uv": [9, 8, 13, 8.75], "texture": "#0"},
				"east": {"uv": [9, 8.75, 13, 9.5], "texture": "#0"},
				"south": {"uv": [9, 9.5, 13, 10.25], "texture": "#0"},
				"west": {"uv": [9, 10.25, 13, 11], "texture": "#0"},
				"up": {"uv": [4, 4, 0, 0], "texture": "#0"},
				"down": {"uv": [4, 4, 0, 8], "texture": "#0"}
			}
		},
		{
			"from": [0, 13, 0],
			"to": [16, 16, 16],
			"faces": {
				"north": {"uv": [3, 10.5, 7, 11.25], "texture": "#0"},
				"east": {"uv": [11, 0, 15, 0.75], "texture": "#0"},
				"south": {"uv": [11, 0.75, 15, 1.5], "texture": "#0"},
				"west": {"uv": [11, 1.5, 15, 2.25], "texture": "#0"},
				"up": {"uv": [8, 4, 4, 0], "texture": "#0"},
				"down": {"uv": [8, 4, 4, 8], "texture": "#0"}
			}
		},
		{
			"from": [2, 3, 2],
			"to": [14, 13, 14],
			"faces": {
				"north": {"uv": [3, 8, 6, 10.5], "texture": "#0"},
				"east": {"uv": [8, 3, 11, 5.5], "texture": "#0"},
				"south": {"uv": [8, 5.5, 11, 8], "texture": "#0"},
				"west": {"uv": [6, 8, 9, 10.5], "texture": "#0"},
				"up": {"uv": [3, 11, 0, 8], "texture": "#0"},
				"down": {"uv": [11, 0, 8, 3], "texture": "#0"}
			}
		}
	],
	"display": {
		"head": {
		  "translation": [0, -44.93, 0],
		  "scale": [1.601, 1.691, 1.601]
		}
	  }
	}
	