{
    "type": "minecraft:block",
    "pools": [
      {
        "rolls": 1,
        "entries": [
          {
            "type": "minecraft:item",
            "name": "minecraft:structure_block",
            "functions": [
              {
                "function": "minecraft:set_nbt",
                "tag": "{CustomModelData:770050,creepest:{entity:\"water/skeleton\"}}"
              }
            ],
            "conditions": [
              {
                "condition": "minecraft:entity_properties",
                "entity": "this",
                "predicate": {
                  "location": {
                    "biome": "minecraft:beach"
                  }
                }
              }
            ]
          },
          {
            "type": "minecraft:item",
            "name": "minecraft:structure_block",
            "functions": [
              {
                "function": "minecraft:set_nbt",
                "tag": "{CustomModelData:770050,creepest:{entity:\"water/creeper\"}}"
              }
            ],
            "conditions": [
              {
                "condition": "minecraft:entity_properties",
                "entity": "this",
                "predicate": {
                  "location": {
                    "biome": "minecraft:beach"
                  }
                }
              }
            ]
          }
        ]
      },
      {
        "rolls": 1,
        "entries": [
          {
            "type": "minecraft:item",
            "name": "minecraft:structure_block",
            "functions": [
              {
                "function": "minecraft:set_nbt",
                "tag": "{CustomModelData:770050,creepest:{entity:\"terra/zombie\"}}"
              }
            ],
            "conditions": [
              {
                "condition": "minecraft:entity_properties",
                "entity": "this",
                "predicate": {
                  "location": {
                    "biome": "minecraft:swamp"
                  }
                }
              }
            ]
          },
          {
            "type": "minecraft:item",
            "name": "minecraft:structure_block",
            "functions": [
              {
                "function": "minecraft:set_nbt",
                "tag": "{CustomModelData:770050,creepest:{entity:\"terra/skeleton\"}}"
              }
            ],
            "conditions": [
              {
                "condition": "minecraft:entity_properties",
                "entity": "this",
                "predicate": {
                  "location": {
                    "biome": "minecraft:lush_caves"
                  }
                }
              }
            ]
          },
          {
            "type": "minecraft:item",
            "name": "minecraft:structure_block",
            "functions": [
              {
                "function": "minecraft:set_nbt",
                "tag": "{CustomModelData:770050,creepest:{entity:\"terra/creeper\"}}"
              }
            ],
            "conditions": [
              {
                "condition": "minecraft:entity_properties",
                "entity": "this",
                "predicate": {
                  "location": {
                    "biome": "minecraft:mangrove_swamp"
                  }
                }
              }
            ]
          }
        ]
      },
      {
        "rolls": 1,
        "entries": [
          {
            "type": "minecraft:item",
            "name": "minecraft:structure_block",
            "functions": [
              {
                "function": "minecraft:set_nbt",
                "tag": "{CustomModelData:770050,creepest:{entity:\"nether/skeleton\"}}"
              }
            ],
            "conditions": [
              {
                "condition": "minecraft:entity_properties",
                "entity": "this",
                "predicate": {
                  "location": {
                    "biome": "minecraft:warped_forest"
                  }
                }
              }
            ]
          },
          {
            "type": "minecraft:item",
            "name": "minecraft:structure_block",
            "functions": [
              {
                "function": "minecraft:set_nbt",
                "tag": "{CustomModelData:770050,creepest:{entity:\"nether/zombie\"}}"
              }
            ],
            "conditions": [
              {
                "condition": "minecraft:entity_properties",
                "entity": "this",
                "predicate": {
                  "location": {
                    "biome": "minecraft:crimson_forest"
                  }
                }
              }
            ]
          },
          {
            "type": "minecraft:item",
            "name": "minecraft:structure_block",
            "functions": [
              {
                "function": "minecraft:set_nbt",
                "tag": "{CustomModelData:770050,creepest:{entity:\"nether/creeper\"}}"
              }
            ],
            "conditions": [
              {
                "condition": "minecraft:entity_properties",
                "entity": "this",
                "predicate": {
                  "location": {
                    "dimension": "minecraft:the_nether"
                  }
                }
              }
            ]
          }
        ]
      },
      {
        "rolls": 1,
        "entries": [
          {
            "type": "minecraft:item",
            "name": "minecraft:structure_block",
            "functions": [
              {
                "function": "minecraft:set_nbt",
                "tag": "{CustomModelData:770050,creepest:{entity:\"cloud/zombie\"}}"
              }
            ],
            "conditions": [
              {
                "condition": "minecraft:entity_properties",
                "entity": "this",
                "predicate": {
                  "location": {
                    "position": {
                      "y": {
                        "min": 80,
                        "max": 100
                      }
                    }
                  }
                }
              }
            ]
          },
          {
            "type": "minecraft:item",
            "name": "minecraft:structure_block",
            "functions": [
              {
                "function": "minecraft:set_nbt",
                "tag": "{CustomModelData:770050,creepest:{entity:\"cloud/skeleton\"}}"
              }
            ],
            "conditions": [
              {
                "condition": "minecraft:entity_properties",
                "entity": "this",
                "predicate": {
                  "location": {
                    "position": {
                      "y": {
                        "min": 80,
                        "max": 200
                      }
                    }
                  }
                }
              }
            ]
          },
          {
            "type": "minecraft:item",
            "name": "minecraft:structure_block",
            "functions": [
              {
                "function": "minecraft:set_nbt",
                "tag": "{CustomModelData:770050,creepest:{entity:\"cloud/creeper\"}}"
              }
            ],
            "conditions": [
              {
                "condition": "minecraft:entity_properties",
                "entity": "this",
                "predicate": {
                  "distance": {
                    "y": {
                      "min": 80,
                      "max": 200
                    }
                  }
                }
              }
            ]
          }
        ]
      }
    ]
  }
  