{
  "criteria": {
    "requirement": {
      "trigger": "minecraft:player_killed_entity",
      "conditions": {
        "player": {
          "nbt": "{Tags:[\"creepest.love.unlocked\"]}"
        },
        "entity": [
          {
            "condition": "minecraft:entity_properties",
            "entity": "this",
            "predicate": {
              "nbt": "{Tags:[\"creepest.hostile_entity\"]}"
            }
          }
        ]
      }
    }
  },
  "rewards": {
    "function": "creepest:entity/player/love/add"
  }
}
