{
  "parent": "creepest:technical/root",
  "criteria": {
    "fill": {
      "trigger": "minecraft:player_interacted_with_entity",
      "conditions": {
        "entity": {
          "nbt": "{Tags:[\"creepest.living_pillar.awaiting_item\"]}"
        }
      }
    },
    "empty": {
      "trigger": "minecraft:player_interacted_with_entity",
      "conditions": {
        "entity": {
          "nbt": "{Tags:[\"creepest.living_pillar.has_item\"]}"
        }
      }
    }
  },
  "requirements": [
    [
      "fill",
      "empty"
    ]
  ],
  "rewards": {
    "function": "creepest:block/living_pillar/click"
  }
}
