[
  {
    "condition": "minecraft:alternative",
    "terms": [
      {
        "condition": "minecraft:entity_properties",
        "entity": "this",
        "predicate": {
          "equipment": {
            "mainhand": {
              "items": [
                "minecraft:warped_fungus_on_a_stick"
              ]
            }
          }
        }
      },
      {
        "condition": "minecraft:entity_properties",
        "entity": "this",
        "predicate": {
          "equipment": {
            "offhand": {
              "items": [
                "minecraft:warped_fungus_on_a_stick"
              ]
            }
          }
        }
      }
    ]
  },
  {
    "condition": "minecraft:entity_properties",
    "entity": "this",
    "predicate": {
      "vehicle": {
        "type": "minecraft:strider"
      }
    }
  }
]
