{
    "condition": "minecraft:alternative",
    "terms": [
      {
        "condition": "minecraft:entity_properties",
        "entity": "this",
        "predicate": {
          "equipment": {
            "offhand": {
              "count": {
                "min": 1
              },
              "nbt": "{creepest:{id:\"living_pillar\"}}"
            }
          }
        }
      },
      {
        "condition": "minecraft:entity_properties",
        "entity": "this",
        "predicate": {
          "equipment": {
            "mainhand": {
              "count": {
                "min": 1
              },
              "nbt": "{creepest:{id:\"living_pillar\"}}"
            }
          }
        }
      }
    ]
  }
  