{
	"parent": "minecraft:item/generated",
	"textures": {
		"layer0": "item/potion_overlay",
		"layer1": "item/potion"
	},
	"overrides": [
	  {"predicate": {"custom_model_data": 770050},"model": "creepest:entity/cloud/cloud_creeper/idle"},
	  {"predicate": {"custom_model_data": 770051},"model": "creepest:entity/cloud/cloud_creeper/idle_hurt"},
	  {"predicate": {"custom_model_data": 770052},"model": "creepest:entity/cloud/cloud_creeper/prime"},
	  {"predicate": {"custom_model_data": 770053},"model": "creepest:entity/cloud/cloud_creeper/prime_hurt"},
	  {"predicate": {"custom_model_data": 770054},"model": "creepest:entity/cloud/cloud_creeper/unprime"},
	  {"predicate": {"custom_model_data": 770055},"model": "creepest:entity/cloud/cloud_creeper/unprime_hurt"},
	  {"predicate": {"custom_model_data": 770056},"model": "creepest:entity/cloud/cloud_skeleton/idle"},
	  {"predicate": {"custom_model_data": 770057},"model": "creepest:entity/cloud/cloud_skeleton/idle_hurt"},
	  {"predicate": {"custom_model_data": 770058},"model": "creepest:entity/cloud/cloud_zombie/idle"},
	  {"predicate": {"custom_model_data": 770059},"model": "creepest:entity/cloud/cloud_zombie/idle_hurt"},
	  {"predicate": {"custom_model_data": 7700510},"model": "creepest:entity/cloud/cloud_zombie/attack"},
	  {"predicate": {"custom_model_data": 7700511},"model": "creepest:entity/cloud/cloud_zombie/attack_hurt"},
	  {"predicate": {"custom_model_data": 7700512},"model": "creepest:entity/nether/crimson_zombie/idle"},
	  {"predicate": {"custom_model_data": 7700513},"model": "creepest:entity/nether/crimson_zombie/idle_hurt"},
	  {"predicate": {"custom_model_data": 7700514},"model": "creepest:entity/nether/crimson_zombie/attack"},
	  {"predicate": {"custom_model_data": 7700515},"model": "creepest:entity/nether/crimson_zombie/attack_hurt"},
	  {"predicate": {"custom_model_data": 7700516},"model": "creepest:entity/nether/crimson_zombie/walk"},
	  {"predicate": {"custom_model_data": 7700517},"model": "creepest:entity/nether/crimson_zombie/walk_hurt"},
	  {"predicate": {"custom_model_data": 7700518},"model": "creepest:entity/nether/magma_creeper/idle"},
	  {"predicate": {"custom_model_data": 7700519},"model": "creepest:entity/nether/magma_creeper/idle_hurt"},
	  {"predicate": {"custom_model_data": 7700520},"model": "creepest:entity/nether/magma_creeper/prime"},
	  {"predicate": {"custom_model_data": 7700521},"model": "creepest:entity/nether/magma_creeper/prime_hurt"},
	  {"predicate": {"custom_model_data": 7700522},"model": "creepest:entity/nether/magma_creeper/unprime"},
	  {"predicate": {"custom_model_data": 7700523},"model": "creepest:entity/nether/magma_creeper/unprime_hurt"},
	  {"predicate": {"custom_model_data": 7700524},"model": "creepest:entity/nether/magma_creeper/walk"},
	  {"predicate": {"custom_model_data": 7700525},"model": "creepest:entity/nether/magma_creeper/walk_hurt"},
	  {"predicate": {"custom_model_data": 7700526},"model": "creepest:entity/nether/magma_creeper/prime"},
	  {"predicate": {"custom_model_data": 7700527},"model": "creepest:entity/nether/magma_creeper/prime_hurt"},
	  {"predicate": {"custom_model_data": 7700528},"model": "creepest:entity/nether/magma_creeper/unprime"},
	  {"predicate": {"custom_model_data": 7700529},"model": "creepest:entity/nether/magma_creeper/unprime_hurt"},
	  {"predicate": {"custom_model_data": 7700530},"model": "creepest:entity/nether/warped_skeleton/attack"},
	  {"predicate": {"custom_model_data": 7700531},"model": "creepest:entity/nether/warped_skeleton/attack_hurt"},
	  {"predicate": {"custom_model_data": 7700532},"model": "creepest:entity/nether/warped_skeleton/idle"},
	  {"predicate": {"custom_model_data": 7700533},"model": "creepest:entity/nether/warped_skeleton/idle_hurt"},
	  {"predicate": {"custom_model_data": 7700534},"model": "creepest:entity/nether/warped_skeleton/walk"},
	  {"predicate": {"custom_model_data": 7700535},"model": "creepest:entity/nether/warped_skeleton/walk_hurt"},
	  {"predicate": {"custom_model_data": 7700536},"model": "creepest:entity/terra/glow_litchen_skeleton/attack"},
	  {"predicate": {"custom_model_data": 7700537},"model": "creepest:entity/terra/glow_litchen_skeleton/attack_hurt"},
	  {"predicate": {"custom_model_data": 7700538},"model": "creepest:entity/terra/glow_litchen_skeleton/idle"},
	  {"predicate": {"custom_model_data": 7700539},"model": "creepest:entity/terra/glow_litchen_skeleton/idle_hurt"},
	  {"predicate": {"custom_model_data": 7700540},"model": "creepest:entity/terra/glow_litchen_skeleton/walk"},
	  {"predicate": {"custom_model_data": 7700541},"model": "creepest:entity/terra/glow_litchen_skeleton/walk_hurt"},
	  {"predicate": {"custom_model_data": 7700542},"model": "creepest:entity/terra/root_creeper/idle"},
	  {"predicate": {"custom_model_data": 7700543},"model": "creepest:entity/terra/root_creeper/idle_hurt"},
	  {"predicate": {"custom_model_data": 7700544},"model": "creepest:entity/terra/root_creeper/walk"},
	  {"predicate": {"custom_model_data": 7700545},"model": "creepest:entity/terra/root_creeper/walk_hurt"},
	  {"predicate": {"custom_model_data": 7700546},"model": "creepest:entity/terra/root_creeper/prime"},
	  {"predicate": {"custom_model_data": 7700547},"model": "creepest:entity/terra/root_creeper/prime_hurt"},
	  {"predicate": {"custom_model_data": 7700548},"model": "creepest:entity/terra/root_creeper/unprime"},
	  {"predicate": {"custom_model_data": 7700549},"model": "creepest:entity/terra/root_creeper/unprime_hurt"},
	  {"predicate": {"custom_model_data": 7700550},"model": "creepest:entity/terra/swamped_zombie/idle"},
	  {"predicate": {"custom_model_data": 7700551},"model": "creepest:entity/terra/swamped_zombie/idle_hurt"},
	  {"predicate": {"custom_model_data": 7700552},"model": "creepest:entity/terra/swamped_zombie/walk"},
	  {"predicate": {"custom_model_data": 7700553},"model": "creepest:entity/terra/swamped_zombie/walk_hurt"},
	  {"predicate": {"custom_model_data": 7700554},"model": "creepest:entity/terra/swamped_zombie/attack"},
	  {"predicate": {"custom_model_data": 7700555},"model": "creepest:entity/terra/swamped_zombie/attack_hurt"},
	  {"predicate": {"custom_model_data": 7700556},"model": "creepest:entity/water/drowned_creeper/idle"},
	  {"predicate": {"custom_model_data": 7700557},"model": "creepest:entity/water/drowned_creeper/idle_hurt"},
	  {"predicate": {"custom_model_data": 7700558},"model": "creepest:entity/water/drowned_creeper/prime"},
	  {"predicate": {"custom_model_data": 7700559},"model": "creepest:entity/water/drowned_creeper/prime_hurt"},
	  {"predicate": {"custom_model_data": 7700560},"model": "creepest:entity/water/drowned_creeper/unprime"},
	  {"predicate": {"custom_model_data": 7700561},"model": "creepest:entity/water/drowned_creeper/unprime_hurt"},
	  {"predicate": {"custom_model_data": 7700562},"model": "creepest:entity/water/drowned_skeleton/idle"},
	  {"predicate": {"custom_model_data": 7700563},"model": "creepest:entity/water/drowned_skeleton/idle_hurt"},
	  {"predicate": {"custom_model_data": 7700564},"model": "creepest:entity/water/drowned_skeleton/attack"},
	  {"predicate": {"custom_model_data": 7700565},"model": "creepest:entity/water/drowned_skeleton/attack_hurt"}
	]
}
