{
    "pools": [
      {
        "rolls": 1,
        "entries": [
          {
            "type": "minecraft:item",
            "name": "minecraft:command_block",
            "functions": [
              {
                "function": "minecraft:set_nbt",
                "tag": "{CustomModelData:770059,creepest:{id:\"elemental_core\",type:\"elemental_item\"}}"
              },
              {
                "function": "minecraft:set_name",
                "name": {
                  "translate": "item.creepest.elemental_core",
                  "color": "light_purple",
                  "italic": false
                }
              },
              {
                "function": "minecraft:set_lore",
                "lore": [
                  {
                    "translate": "pack.creepest",
                    "color": "#59a862",
                    "italic": false
                  }
                ]
              }
            ]
          }
        ]
      }
    ]
  }
  