{
    "type": "minecraft:block",
    "pools": [
      {
        "rolls": 1,
        "entries": [
          {
            "type": "minecraft:item",
            "name": "minecraft:warped_fungus_on_a_stick",
            "functions": [
              {
                "function": "minecraft:set_name",
                "name": {
                  "translate": "item.creepest.living_pillar",
                  "italic": "false"
                }
              },
              {
                "function": "minecraft:set_lore",
                "lore": [
                  {
                    "translate": "pack.creepest",
                    "color": "#59a862",
                    "italic": "false"
                  }
                ]
              },
              {
                "function": "minecraft:set_nbt",
                "tag": "{CustomModelData:770050,creepest:{id:\"living_pillar\"}}"
              }
            ]
          }
        ]
      }
    ]
  }
  