{
    "pools": [
      {
        "rolls": 1,
        "entries": [
          {
            "type": "minecraft:item",
            "name": "minecraft:structure_block",
            "functions": [
              {
                "function": "minecraft:set_nbt",
                "tag": "{CustomModelData:770053,creepest:{id:\"terragrim\",type:\"elemental_item\"}}"
              },
              {
                "function": "minecraft:set_name",
                "name": {
                  "translate": "item.creepest.terragrim",
                  "color": "white",
                  "italic": false
                }
              },
              {
                "function": "minecraft:set_lore",
                "lore": [
                  {
                    "translate": "item.creepest.terragrim.lore",
                    "color": "gray",
                    "italic": true
                  }
                ]
              },
              {
                "function": "minecraft:set_lore",
                "lore": [
                  {
                    "translate": "pack.creepest",
                    "color": "#59a862",
                    "italic": false
                  }
                ]
              }
            ]
          }
        ]
      }
    ]
  }
  