{
    "pools": [
      {
        "rolls": 1,
        "entries": [
          {
            "type": "minecraft:item",
            "name": "minecraft:structure_block",
            "functions": [
              {
                "function": "minecraft:set_nbt",
                "tag": "{CustomModelData:770050,nucleus:{id:\"death_item\"}}"
              }
            ]
          },
          {
            "type": "minecraft:loot_table",
            "name": "creepest:entity/groups/cloud"
          },
          {
            "type": "minecraft:item",
            "name": "minecraft:gunpowder",
            "functions":[
                {
                    "function": "minecraft:set_count",
                    "count": {
                      "min": 0,
                      "max": 4
                    }
                  }
            ]
          }
        ]
      }
    ]
  }
  