{
    "pools":[
      {
      "rolls": 1,
      "entries": [
        {
            "type": "minecraft:item",
            "name": "minecraft:structure_block",
            "functions": [
              {
                "function": "minecraft:set_nbt",
                "tag": "{CustomModelData:770050,nucleus:{id:\"death_item\",\"sound\":\"\"}}"
              }
            ]
        },
        {
          "type": "minecraft:loot_table",
          "name": "creepest:entity/groups/nether"
        },
        {
            "type": "minecraft:item",
            "name": "minecraft:bone",
            "conditions": [
                {
                    "condition": "minecraft:random_chance",
                    "chance": 0.7
                }
            ]
        },
        {
          "type": "minecraft:item",
          "name": "minecraft:warped_fungus",
          "conditions": [
              {
                  "condition": "minecraft:random_chance",
                  "chance": 0.6
              }
          ]
      
        }
       ]
      }
    ]
}